{"results":[{"48":{"longitude": 4.8303,"lattitude":44.8721},"50":{"longitude": 4.8303,"lattitude":44.8721},"51":{"longitude": 4.8303,"lattitude":44.8721},"53":{"longitude": 4.8303,"lattitude":44.8721},"54":{"longitude": 4.8303,"lattitude":44.8721},"56":{"longitude": 7.01672,"lattitude":43.5627},"57":{"longitude": 7.02315,"lattitude":43.5525}}]}